{
  "_comment": "On-device progression model. Multinomial logistic regression on synthetic data from progression heuristics. Dart pipeline: compute the 6 baseFeatures from logged history, derive the engineered features (grind=relu(1-rir), decline=relu(-trend3), deload_and=grind*decline, ready_load=relu(margin)*relu(rir-0.5), ready_reps=relu(-margin)*relu(rir-1.5)), standardize with mean/std, then z=W.x+b, softmax, argmax. Generated by tools/ml/generate_and_train.py \u2014 do not hand-edit.",
  "version": 1,
  "seed": 7,
  "classes": [
    "DELOAD",
    "MAINTAIN",
    "INCREASE"
  ],
  "baseFeatureNames": [
    "top_reps_last",
    "rep_high",
    "margin",
    "sessions_at_top",
    "trend3",
    "avg_rir"
  ],
  "featureNames": [
    "top_reps_last",
    "rep_high",
    "margin",
    "sessions_at_top",
    "trend3",
    "avg_rir",
    "grind",
    "decline",
    "deload_and",
    "ready_load",
    "ready_reps"
  ],
  "mean": [
    10.5435,
    11.293625,
    -0.750125,
    1.0485,
    -0.08849999999999973,
    1.8309125000000115,
    0.15704999999999994,
    0.6498750000000004,
    0.17287125000000034,
    1.3978875000000026,
    0.9265749999999982
  ],
  "std": [
    3.9227997336087825,
    2.591844779182472,
    2.9118615153154463,
    1.4324446760694907,
    1.4712206666574468,
    1.1789033748970719,
    0.28428471204057854,
    0.8783663725206108,
    0.44708639369076836,
    2.605171162772877,
    2.3972518160125205
  ],
  "coef": [
    [
      -0.15280392223015488,
      0.04884527104368566,
      -0.249331413029955,
      -0.0027786249665418448,
      -0.1004046648754145,
      0.32686207609757606,
      1.4694520107493692,
      -0.2114529805635721,
      0.8766203880111777,
      0.21032121543767474,
      -0.21228640611232147
    ],
    [
      0.01452970132142122,
      -0.007577540197495428,
      0.02631887405012513,
      -1.0085715850387746,
      -0.2972334407792992,
      -0.5680721470582349,
      1.59080641750508,
      0.29366240748209804,
      -1.983857785557326,
      -0.01855257078650656,
      -0.031155889151760215
    ],
    [
      0.13827422090872946,
      -0.04126773084618988,
      0.2230125389798271,
      1.0113502100053133,
      0.39763810565471436,
      0.2412100709606591,
      -3.0602584282544374,
      -0.08220942691852619,
      1.1072373975461332,
      -0.19176864465117277,
      0.24344229526408467
    ]
  ],
  "intercept": [
    0.013376764238832127,
    0.6070788756235707,
    -0.6204556398623973
  ],
  "trainAccuracyVsCleanRule": 0.8781
}
